symbol,group,top_tissue,top_tissue_tpm,brain_mean,nonbrain_mean,log2fc_brain_vs_nonbrain,tau
PLP1,POS,Brain_Spinal_cord_cervical_c-1,7602.85,9.301872383609808,2.435999490433459,6.865872893176349,0.9821887420771808
SNCA,POS,Brain_Cerebellar_Hemisphere,61.8832,4.830474743414355,1.578796827241874,3.251677916172481,0.870872083190712
NCAM2,POS,Brain_Frontal_Cortex_BA9,18.9502,3.5264063325974817,0.7930677361911282,2.733338596406353,0.8505092357549253
RAB39B,POS,Brain_Cerebellar_Hemisphere,23.339,3.4924321768193805,0.883765910899178,2.6086662659202027,0.8761639600745149
SEMA6B,POS,Brain_Cortex,86.3884,5.575898148173811,2.990026099744449,2.585872048429362,0.8007248017405875
SOX9,POS,Minor_Salivary_Gland,111.504,5.04179343164282,2.981977030366705,2.0598164012761155,0.8534654901611187
KCNJ6,POS,Pancreas_Islets,8.4848,1.6405257622558636,0.1393481480073345,1.5011776142485291,0.9222163355858836
ARHGAP36,POS,Pituitary,298.716,1.687444514974249,0.2527326631622418,1.4347118518120072,0.9957536282902762
SYNJ1,POS,Brain_Cerebellar_Hemisphere,38.0248,4.077609629745071,2.810830257413357,1.266779372331714,0.7769848946971608
SHANK3,POS,Brain_Cerebellum,147.384,4.926738683315621,3.6695206362276767,1.2572180470879446,0.8597294903717855
YWHAE,POS,Brain_Spinal_cord_cervical_c-1,636.315,8.996617472648015,7.789282113457261,1.207335359190754,0.5495999200621207
PDXK,POS,Testis,126.604,5.306793402521665,4.356829379225873,0.9499640232957915,0.8059643643807438
APP,POS,Brain_Frontal_Cortex_BA9,548.194,8.340069270561289,7.397563938645487,0.942505331915802,0.5828194060725533
KCTD13,POS,Testis,58.1771,4.220933236994198,3.309052690454718,0.91188054653948,0.8051500414701306
GPR101,POS,Brain_Nucleus_accumbens_basal_ganglia,15.0012,0.8557498877896729,0.0023014588633864,0.8534484289262864,0.9896625289877308
RCAN1,POS,Brain_Spinal_cord_cervical_c-1,71.2835,4.8474542868161015,4.086680478855829,0.7607738079602724,0.7171054007704575
SH3BGR,POS,Muscle_Skeletal,335.9,4.434819680354483,3.727652808795279,0.7071668715592043,0.9387483901125512
SOD1,POS,Liver_Mixed_Cell,487.239,8.024276656809507,7.396720100927178,0.6275565558823288,0.5931269103798489
BHLHA9,POS,Brain_Frontal_Cortex_BA9,1.9611,0.5861549554380308,0.0333665194360988,0.552788436001932,0.9463159535046202
IRX1,POS,Kidney_Medulla,36.4832,1.2872158792479491,0.819407115023333,0.4678087642246161,0.9462397437970222
HYDIN2,POS,Brain_Cerebellum,1.57148,0.7013906533620411,0.3519350265271032,0.3494556268349379,0.7742826279552425
CRKL,POS,Cells_EBV-transformed_lymphocytes,72.9177,5.178927814910852,4.92804067770082,0.2508871372100314,0.5550461398322734
PTHLH,POS,Vagina,7.7601,1.0998733983896247,0.8575225948032494,0.2423508035863752,0.8596135993785278
FBXW4,POS,Brain_Spinal_cord_cervical_c-1,81.8919,5.306415822801735,5.081626000717037,0.2247898220846975,0.5569534121729788
NF1,POS,Cells_Cultured_fibroblasts,17.634,3.13095998539412,2.9206904157365243,0.2102695696575955,0.5800727563272443
LBX1,POS,Muscle_Skeletal,8.23937,0.2424806736190375,0.0665005219801168,0.1759801516389207,0.9927415856802122
LMBR1,POS,Adrenal_Gland,17.0318,3.0161017583312724,2.9085107763945963,0.107590981936676,0.5843758111472953
PRDM13,POS,Testis,0.369223,0.0295866392990556,0.0171305562707414,0.0124560830283141,0.973018389040543
RNF32,POS,Testis,36.1977,1.0653170450268408,1.0534178431266803,0.0118992019001604,0.9713664828791176
RLIM,POS,Cells_Cultured_fibroblasts,24.6422,3.460751774685648,3.465138137371119,-0.0043863626854712,0.5592178240046167
XIAP,POS,Brain_Cerebellar_Hemisphere,18.1061,3.430589092200724,3.4386009914750524,-0.0080118992743285,0.4334930662025588
MECP2,POS,Brain_Cerebellar_Hemisphere,37.1252,3.740933985362584,3.7490937431209743,-0.0081597577583902,0.621024191477294
PRKACA,POS,Ovary,94.5589,5.088359625985291,5.109259587942756,-0.0208999619574647,0.605045597182317
CHAF1B,POS,Cells_EBV-transformed_lymphocytes,13.5432,1.5309741802391896,1.614410505626013,-0.0834363253868233,0.8297403488494091
RRP1,POS,Cells_EBV-transformed_lymphocytes,49.1954,3.916555662985158,4.073196631613872,-0.1566409686287135,0.6692855399233723
PFKL,POS,Nerve_Tibial,235.971,6.496275259062028,6.6575152380922855,-0.1612399790302578,0.5490651108974497
SIM2,POS,Kidney_Medulla,57.7745,0.2365710404361907,0.4702467560561498,-0.2336757156199591,0.9871428575303648
RAI1,POS,Cervix_Endocervix,33.6644,3.3054172860298063,3.556134442766529,-0.2507171567367225,0.6395713652599397
GDF6,POS,Heart_Atrial_Appendage,2.44019,0.4076496605609547,0.6817919857765681,-0.2741423252156133,0.7398717270180759
HUWE1,POS,Cells_EBV-transformed_lymphocytes,109.62,4.713110922214869,5.064266104390582,-0.351155182175713,0.6928112380080986
KCNE1,POS,Whole_Blood,5.37044,0.0533948946217824,0.407676851143744,-0.3542819565219616,0.9460189842973482
PMP22,POS,Nerve_Tibial,769.157,4.086175523513024,4.483244124988003,-0.3970686014749791,0.959402724118258
DONSON,POS,Testis,45.1684,3.1786277631054114,3.5875316142388622,-0.4089038511334508,0.7438486085966586
DIP2A,POS,Nerve_Tibial,34.7539,3.648377594330429,4.0753058608330415,-0.426928266502613,0.5243794565222855
TMEM50B,POS,Thyroid,139.337,5.0192537472197785,5.44971038027543,-0.4304566330556518,0.6801875855798553
IRX6,POS,Skin_Not_Sun_Exposed_Suprapubic,15.0979,0.2953503911163168,0.7437620272103418,-0.4484116360940249,0.92443091769311
ATG2B,POS,Brain_Cerebellar_Hemisphere,26.738,3.157313902954359,3.640727960259521,-0.4834140573051622,0.565716365438869
RRP1B,POS,Cells_EBV-transformed_lymphocytes,48.1251,3.3719386639487463,3.8981116898763135,-0.5261730259275672,0.7060886308838683
AXIN1,POS,Brain_Cerebellar_Hemisphere,40.8161,3.9067389043111658,4.523846836163795,-0.6171079318526291,0.4552871823662501
TRAPPC10,POS,Cells_EBV-transformed_lymphocytes,21.2774,2.265518346463334,2.9023085510321884,-0.6367902045688543,0.6999141475735798
LMNB1,POS,Cells_EBV-transformed_lymphocytes,176.148,1.8604700042228368,2.5029697944067992,-0.6424997901839626,0.9633666777496128
MRPS6,POS,Kidney_Medulla,216.546,4.506328802352569,5.152101862698596,-0.645773060346027,0.8329879095007355
USP28,POS,Brain_Cerebellar_Hemisphere,33.2831,2.794780325825809,3.449159801424624,-0.654379475598815,0.6876641935217268
TJP2,POS,Artery_Aorta,75.7368,3.9903855980540857,4.692360565966433,-0.701974967912347,0.6439224718061309
LTN1,POS,Nerve_Tibial,18.7268,2.554110805640868,3.299425609223246,-0.745314803582378,0.5362370203577664
USP25,POS,Testis,73.2015,3.5572121845308406,4.303107125487077,-0.7458949409562368,0.7419297357600433
PAXBP1,POS,Ovary,71.2555,3.8981027766209753,4.7173973465358765,-0.8192945699149012,0.637802897016486
CREBBP,POS,Uterus,54.7217,3.596729743332366,4.485247692689662,-0.8885179493572961,0.5944365027064081
NIPBL,POS,Ovary,28.3629,2.963716779075066,3.8523511640144887,-0.8886343849394227,0.5265020738937765
IHH,POS,Colon_Transverse_Mucosa,46.3299,0.1276996754491518,1.030174643378494,-0.902474967929342,0.9474091773943218
SCAF4,POS,Cells_EBV-transformed_lymphocytes,53.2523,3.6390156758335697,4.57113663155444,-0.9321209557208704,0.5738164907515312
MB,POS,Muscle_Skeletal,8907.08,1.153246440728941,2.143076613738088,-0.9898301730091468,0.984682136886712
EVA1C,POS,Uterus,68.5619,3.2102754416323123,4.253273490457981,-1.0429980488256687,0.6767572432041091
SON,POS,Cells_EBV-transformed_lymphocytes,108.484,4.582811589762637,5.720420402050486,-1.1376088122878487,0.5321866296261033
ABL1,POS,Colon_Sigmoid,152.902,4.322169428070037,5.482557547154485,-1.1603881190844485,0.6784956845834529
ITGB2,POS,Whole_Blood,607.936,2.3782525778318666,3.690136858536207,-1.3118842807043405,0.9703853731952146
KCNJ15,POS,Whole_Blood,40.9801,0.0376351823698723,1.3827881243011246,-1.3451529419312522,0.9389354953388918
COL18A1,POS,Artery_Tibial,690.951,3.6665808952041385,6.229979459439108,-2.5633985642349697,0.8694507155474251
DSP,POS,Skin_Sun_Exposed_Lower_leg,1286.43,0.9275253439472988,4.10991996944663,-3.1823946254993314,0.9590385335513149
FLNA,POS,Artery_Tibial,5024.02,4.836674503668939,8.270840811410276,-3.4341663077413367,0.8661386023334944
CALB2,TOL,Brain_Hypothalamus,282.151,5.482380065275167,1.798136188620722,3.684243876654445,0.9331381912204628
CKMT1B,TOL,Brain_Cerebellum,294.102,4.6875317966913705,1.3873212323487154,3.300210564342655,0.964136244969128
SMIM10L2A,TOL,Brain_Anterior_cingulate_cortex_BA24,49.9089,4.729815124623049,1.5737187333512217,3.156096391271827,0.8531362509656774
SMIM10L2B,TOL,Brain_Frontal_Cortex_BA9,54.6407,4.638931280933536,1.845186816925104,2.793744464008432,0.8642077772708328
SYCE1,TOL,Testis,125.602,3.0587668122129656,0.7068408729680254,2.35192593924494,0.9821710534008512
SMOC1,TOL,Testis,73.6237,4.4851983862236855,2.4192307942236844,2.065967592000001,0.8399311436033973
FOLH1,TOL,Brain_Spinal_cord_cervical_c-1,48.7378,2.9094316334437065,0.8435590746767186,2.065872558766988,0.9462378860614056
CKMT1A,TOL,Brain_Cerebellar_Hemisphere,33.744,3.2464263477416577,1.1907435333657692,2.0556828143758885,0.871453344718442
FAM153B,TOL,Brain_Cerebellar_Hemisphere,37.4542,2.2602885039791496,0.942685930136719,1.3176025738424306,0.92254173116667
DGCR6,TOL,Muscle_Skeletal,19.9701,2.8865755630784875,1.607527537303236,1.2790480257752517,0.8419170331287065
PACRG,TOL,Testis,35.7892,2.364941100143149,1.1858403591230986,1.1791007410200502,0.9351185686635056
PTK2B,TOL,Cells_EBV-transformed_lymphocytes,246.741,5.5451091514417055,4.413967319647802,1.1311418317939037,0.8479675812095432
SLC6A8,TOL,Colon_Sigmoid,86.7812,5.629238505158977,4.531973305393812,1.0972651997651646,0.601506842977408
RNF187,TOL,Brain_Cerebellar_Hemisphere,93.476,5.842220483428192,4.872881126779799,0.9693393566483932,0.6249777578792672
FAM153A,TOL,Testis,17.471,1.9828538419168,1.0413086816489825,0.9415451602678172,0.8767300443293236
H2BU1,TOL,Brain_Cerebellar_Hemisphere,13.3505,1.253270471857086,0.3923029918185255,0.8609674800385604,0.9560533207152508
CSAG1,TOL,Testis,2.44487,0.9191780109195756,0.0584797347151955,0.86069827620438,0.9208956811121232
FAHD2B,TOL,Testis,73.0689,4.458416543699476,3.636716498044656,0.8217000456548202,0.7913384098341203
FAM90A1,TOL,Brain_Cerebellum,4.99528,1.5858996907176943,0.7731983837047213,0.8127013070129733,0.7987181720439617
DRD5,TOL,Brain_Anterior_cingulate_cortex_BA24,2.86678,0.8361648600589926,0.044367343438269,0.7917975166207236,0.9407575694942154
PDE4DIP,TOL,Muscle_Skeletal,142.464,3.639692891078667,2.8825937245026783,0.7570991665759887,0.9365689270753712
SRGAP2C,TOL,Brain_Cerebellar_Hemisphere,25.7402,2.625804614785132,1.8903293238258845,0.7354752909592475,0.8577396231482736
STRC,TOL,Brain_Cerebellum,14.5437,0.98357184406656,0.279109375180574,0.704462468885986,0.9674955792008828
RAB6C,TOL,Cervix_Endocervix,1.97504,0.9783186071425778,0.2865087761704107,0.6918098309721671,0.8064611727493447
ANKRD18B,TOL,Brain_Cerebellar_Hemisphere,7.99142,0.8955321495447385,0.2136066851414817,0.6819254644032567,0.953776510195244
LRRC37A3,TOL,Testis,20.77,2.3556322713649376,1.6764159170348882,0.6792163543300493,0.8556484445849711
NDUFA3,TOL,Brain_Nucleus_accumbens_basal_ganglia,57.3805,5.562355257468998,4.909091466606243,0.6532637908627557,0.4208619679029239
S1PR1,TOL,Adipose_Subcutaneous,117.662,4.617314407541462,3.978642203868556,0.6386722036729067,0.8225703869190703
FAM149A,TOL,Kidney_Medulla,12.9998,2.772426987441025,2.1670830011577573,0.6053439862832679,0.6625636433442259
CLEC18B,TOL,Kidney_Cortex,8.53592,1.092258570584261,0.5083763699445082,0.5838822006397527,0.919670887192357
CLCA4,TOL,Colon_Transverse_Mucosa,658.887,1.838959505279156,1.2778821984767283,0.5610773068024275,0.9721080299276283
OCM,TOL,Small_Intestine_Terminal_Ileum_Lymphode_Aggregate,4.08281,0.9813659425733776,0.4337127547978295,0.5476531877755482,0.8771078464506464
TMEM191C,TOL,Testis,37.8146,1.0957399992307284,0.5654706413201042,0.5302693579106242,0.9850058806158026
ZDHHC11,TOL,Brain_Cerebellum,13.9608,2.191485225109537,1.6707423447101164,0.5207428803994205,0.8015725074986081
FCGR1A,TOL,Whole_Blood,41.0764,1.4921940301724232,0.9716250288514396,0.5205690013209837,0.9652336214555852
RHCE,TOL,Pituitary,4.41752,1.107860313901187,0.5980310283036397,0.5098292855975474,0.8441896418953783
CFC1,TOL,Pancreas_Islets,167.274,0.8582947619248273,0.3579075171676484,0.5003872447571789,0.9971004909899372
RABL2A,TOL,Brain_Cerebellar_Hemisphere,28.1343,3.745932673468221,3.2518200958287298,0.4941125776394912,0.6153732674849912
LRRC27,TOL,Testis,41.4459,2.0284557721402567,1.5613658899169216,0.4670898822233351,0.94681713363218
SRGAP2B,TOL,Brain_Cerebellar_Hemisphere,11.4671,1.3141527493585234,0.8601227479425718,0.4540300014159516,0.907526412031201
MPV17L,TOL,Pancreas_Mixed_Cell,10.314,2.4062679184434868,1.9639741407225688,0.4422937777209181,0.6604920018870163
NEK10,TOL,Testis,13.0909,1.0097256494649731,0.5900138599446624,0.4197117895203109,0.9518695030602892
ULBP2,TOL,Cells_Cultured_fibroblasts,10.2795,1.1369305899232005,0.7258496601420693,0.411080929781131,0.9075102540703748
CCDC74B,TOL,Testis,70.0818,1.9881016327511456,1.5795563673086468,0.408545265442499,0.9547223404564806
RAB6D,TOL,Testis,2.006,0.585473738096556,0.2040142028029263,0.3814595352936297,0.8837131701909197
PCDH11Y,TOL,Brain_Hypothalamus,0.947699,0.4224928618325871,0.0486975250532519,0.3737953367793351,0.9055727247487249
MZT2A,TOL,Cells_EBV-transformed_lymphocytes,100.291,5.733259356604217,5.368398134293974,0.3648612223102425,0.5520236410552755
NPIPA5,TOL,Brain_Cerebellum,67.2142,3.5221622114354787,3.1893732934645183,0.3327889179709604,0.8505550865961736
NPIPA1,TOL,Brain_Cerebellum,76.038,3.899798664933579,3.570209327217488,0.329589337716091,0.8284157999554816
CCDC74A,TOL,Testis,98.2706,2.826444538018708,2.506313665042824,0.3201308729758838,0.927586706441498
SFTPA2,TOL,Lung,1778.67,0.8516184305218389,0.5401918565506293,0.3114265739712096,0.9997189011217422
WNT8A,TOL,Testis,1.89619,0.3267394892423533,0.0349619272059601,0.2917775620363932,0.970402050521891
FAM86B1,TOL,Pituitary,5.52016,1.3442537525945564,1.0533417449412266,0.2909120076533298,0.7727093190463438
ANKRD18A,TOL,Testis,16.2648,0.9411220742457256,0.6533108832715657,0.2878111909741598,0.9554758871277372
ZFP37,TOL,Brain_Cerebellar_Hemisphere,5.16395,1.4413877925275118,1.161576106260592,0.2798116862669197,0.7175466686166568
FCGR1B,TOL,Whole_Blood,11.2285,0.7830846873244328,0.520272352440075,0.2628123348843578,0.9478793947172008
SYT15,TOL,Brain_Cortex,0.866295,0.5785909801769958,0.3218810339439375,0.2567099462330583,0.6502783297509992
NPIPB6,TOL,Testis,29.1685,1.0399256650111517,0.8024142157223213,0.2375114492888304,0.972135972178124
FOXD4L1,TOL,Testis,2.16789,0.4123464299861768,0.1767672527863465,0.2355791771998303,0.9243633760951824
CBWD6,TOL,Brain_Cerebellar_Hemisphere,6.12204,1.5160500549023803,1.2899979236205183,0.2260521312818619,0.7408020246299717
PMS2,TOL,Cells_EBV-transformed_lymphocytes,14.4984,2.591092471963297,2.3721611467410484,0.2189313252222491,0.6761301710286507
FOXD4L6,TOL,Brain_Cerebellar_Hemisphere,0.341163,0.2132397567888162,0.0029662495645102,0.2102735072243059,0.9164552410518874
HCN3,TOL,Brain_Cerebellum,52.8144,2.8449152651418705,2.636580251758641,0.2083350133832295,0.872887137180588
PRB1,TOL,Brain_Caudate_basal_ganglia,0.60595,0.2200787826004583,0.0179601572270085,0.2021186253734498,0.9376779030829844
PLGLB1,TOL,Liver_Hepatocyte,8.47143,0.8622985642914839,0.6616486565484618,0.200649907743022,0.9078304565084174
CBWD3,TOL,Small_Intestine_Terminal_Ileum_Lymphode_Aggregate,1.914,0.7605538762786702,0.593250414146117,0.1673034621325532,0.7084786685693788
ERVV-1,TOL,Brain_Cerebellum,1.52853,0.210086574154395,0.0429823665621292,0.1671042075922657,0.967556864457911
FAM86B2,TOL,Pituitary,1.82014,0.5942313973580438,0.4602836765444147,0.133947720813629,0.7764993311159106
MYOT,TOL,Muscle_Skeletal,565.936,1.0767157184770688,0.947087514119808,0.1296282043572608,0.9983366357785513
DGCR6L,TOL,Testis,275.564,6.003206834323758,5.875852830897494,0.1273540034262641,0.782514829287971
FOXD4L3,TOL,Brain_Cerebellar_Hemisphere,0.199292,0.130268863986263,0.0060281180494763,0.1242407459367867,0.9033485628677758
HSPA1A,TOL,Whole_Blood,201.068,5.848197346848893,5.724428201656828,0.1237691451920648,0.6795007332486315
TP53TG3D,TOL,Testis,4.64189,0.2879101274059896,0.1649979936862848,0.1229121337197048,0.974392725968575
MZT2B,TOL,Cervix_Endocervix,197.335,6.846951890541716,6.726018230984407,0.1209336595573091,0.4404029287267769
NOMO1,TOL,Cells_Cultured_fibroblasts,48.9172,4.507672300772541,4.395681393860124,0.1119909069124176,0.56525429324313
FOXD4L4,TOL,Brain_Cerebellar_Hemisphere,0.307074,0.150810043575215,0.0452926833387944,0.1055173602364206,0.8558897855240104
DMRTC1B,TOL,Pituitary,0.66622,0.1609763253319742,0.0563711058195151,0.1046052195124591,0.922918049122763
NPIPA8,TOL,Brain_Cerebellum,0.908304,0.2421398398651213,0.1392032460622063,0.1029365938029149,0.8772194390568954
NPIPA2,TOL,Testis,2.06569,0.4119359150842525,0.3252630416759558,0.0866728734082966,0.869929122017196
NPIPA3,TOL,Brain_Cerebellum,1.0674,0.3273272043854081,0.2409733320203837,0.0863538723650244,0.8197710226271675
NBPF20,TOL,Brain_Cerebellum,4.77284,0.6990744824341649,0.6170733902185654,0.0820010922155994,0.8784111077768774
TEKT4,TOL,Testis,42.2954,0.2924911799119157,0.215769876322929,0.0767213035889866,0.9965774103446838
SERF1B,TOL,Brain_Cerebellum,1.16889,0.6286100221561394,0.5564927802794919,0.0721172418766474,0.5763859462025651
RABL2B,TOL,Small_Intestine_Terminal_Ileum_Lymphode_Aggregate,29.0138,3.612038541367419,3.544566127389332,0.0674724139780873,0.582311212070674
NPIPB7,TOL,Testis,8.03901,0.448846309038648,0.3863926165880821,0.0624536924505658,0.9632115194922548
MAGED4B,TOL,Pituitary,0.273504,0.095399401287246,0.0352814010226187,0.0601180002646273,0.8893234009838488
MAGED4,TOL,Pituitary,0.194038,0.0757141624978623,0.0254007232496921,0.0503134392481701,0.8837216144614235
C1QTNF9B,TOL,Testis,3.47381,0.346824691613541,0.2972511375703697,0.0495735540431713,0.925732170625852
BTBD6,TOL,Testis,211.099,6.12243772398879,6.0732063037203785,0.0492314202684118,0.6543524793099481
FRG2,TOL,Brain_Cerebellum,0.285762,0.0445670379961142,0.0018025805778504,0.0427644574182637,0.98788126263511
NUTM2D,TOL,Testis,1.21386,0.7033439558945868,0.6660443422291429,0.0372996136654438,0.5034092303545786
FAM72C,TOL,Cells_EBV-transformed_lymphocytes,3.44412,0.2063149929006018,0.1716399033704883,0.0346750895301134,0.9653776083174248
ANKRD20A4P,TOL,Testis,0.456464,0.160982029775961,0.1304484450976836,0.0305335846782773,0.7882074236584613
NUTM2B,TOL,Testis,0.926417,0.2481746011639975,0.2183044048445941,0.0298701963194034,0.8255864968708927
GPHB5,TOL,Testis,0.220319,0.034826202993017,0.0052228786864682,0.0296033243065488,0.9769815450093972
GOLGA6L7,TOL,Testis,56.852,0.1592240966483782,0.1306751511519489,0.0285489454964293,0.9993342128973792
FRG2B,TOL,Kidney_Medulla,0.21011,0.0360482618844714,0.0078656085802341,0.0281826533042372,0.9674504541686408
NUTM2E,TOL,Testis,0.547564,0.22181324274671,0.195091837083797,0.0267214056629129,0.7329617272572351
TUBB8,TOL,Testis,1.97634,0.1728510759879265,0.1469978653636275,0.0258532106242989,0.9488219970610532
CT45A1,TOL,Testis,4.17718,0.0679035402967472,0.0431302996115979,0.0247732406851493,0.99773217352305
NPIPA7,TOL,Liver_Portal_Tract,1.67386,0.1694308190196194,0.1471644599540144,0.0222663590656049,0.9409132943410272
DMRTC1,TOL,Pituitary,0.062574,0.0255484594941786,0.0033486201896944,0.0221998393044841,0.9282931397285316
SERF1A,TOL,Testis,0.228294,0.1015022530658098,0.0795191743434895,0.0219830787223203,0.7467556890832965
FAM90A26,TOL,Brain_Cerebellum,0.027755,0.0204784175331888,0.0018508279166683,0.0186275896165204,0.8766141370251965
ADAM21,TOL,Testis,16.1936,0.3586773148953551,0.3412753738380276,0.0174019410573275,0.9856719242870224
FOXD4L5,TOL,Nerve_Tibial,0.0387555,0.0156416162140186,0.0046605676503019,0.0109810485637167,0.8905337846125644
GPRIN2,TOL,Skin_Sun_Exposed_Lower_leg,25.9867,1.31481431163516,1.3080294713901224,0.0067848402450376,0.8853739444442561
TRIM43,TOL,Testis,0.292606,0.0130713918614168,0.0067324107895489,0.0063389810718679,0.9938601405935198
SULT1A4,TOL,Brain_Cerebellum,1.91311,0.4887141305336979,0.4836666001439109,0.005047530389787,0.7899016425314195
OR4F5,TOL,Colon_Transverse_Mucosa,0.424168,0.0867663881017848,0.0825585874718456,0.0042078006299391,0.866917258495437
PSG6,TOL,Brain_Cerebellum,0.026174,0.0042840815547642,0.0009147516853551,0.0033693298694091,0.9726038372362228
ZNF184,TOL,Testis,15.705,2.335373872341556,2.3321987520930803,0.0031751202484753,0.7233370872476205
PSG11,TOL,Brain_Cerebellum,0.017845,0.0019629139158261,0.0,0.0019629139158261,1.0
ERVV-2,TOL,Kidney_Medulla,0.168422,0.0069946820571817,0.0067435889302251,0.0002510931269565,0.985043388701834
TBC1D3K,TOL,Testis,0.0469935,0.0040686649918834,0.0038724946094331,0.0001961703824502,0.9556461365171336
TRIM49D2,TOL,Adipose_Subcutaneous,0.0,0.0,0.0,0.0,
CT47A7,TOL,Adipose_Subcutaneous,0.0,0.0,0.0,0.0,
GAGE2E,TOL,Adipose_Subcutaneous,0.0,0.0,0.0,0.0,
TP53TG3F,TOL,Adipose_Subcutaneous,0.0,0.0,0.0,0.0,
PRR20C,TOL,Adipose_Subcutaneous,0.0,0.0,0.0,0.0,
SPDYE15,TOL,Adipose_Subcutaneous,0.0,0.0,0.0,0.0,
GAGE12D,TOL,Adipose_Subcutaneous,0.0,0.0,0.0,0.0,
OR8H2,TOL,Adipose_Subcutaneous,0.0,0.0,0.0,0.0,
CT47A3,TOL,Adipose_Subcutaneous,0.0,0.0,0.0,0.0,
GAGE12G,TOL,Adipose_Subcutaneous,0.0,0.0,0.0,0.0,
CT47A6,TOL,Adipose_Subcutaneous,0.0,0.0,0.0,0.0,
SPAG11A,TOL,Adipose_Subcutaneous,0.0,0.0,0.0,0.0,
PRR20B,TOL,Adipose_Subcutaneous,0.0,0.0,0.0,0.0,
DEFB104A,TOL,Adipose_Subcutaneous,0.0,0.0,0.0,0.0,
FAM90A14P,TOL,Adipose_Subcutaneous,0.0,0.0,0.0,0.0,
CT45A7,TOL,Adipose_Subcutaneous,0.0,0.0,0.0,0.0,
FAM90A19P,TOL,Adipose_Subcutaneous,0.0,0.0,0.0,0.0,
DEFB106B,TOL,Adipose_Subcutaneous,0.0,0.0,0.0,0.0,
FAM90A18P,TOL,Adipose_Subcutaneous,0.0,0.0,0.0,0.0,
TP53TG3C,TOL,Adipose_Subcutaneous,0.0,0.0,0.0,0.0,
DEFB104B,TOL,Adipose_Subcutaneous,0.0,0.0,0.0,0.0,
FAM90A23P,TOL,Adipose_Subcutaneous,0.0,0.0,0.0,0.0,
CT45A8,TOL,Adipose_Subcutaneous,0.0,0.0,0.0,0.0,
PRAMEF26,TOL,Adipose_Subcutaneous,0.0,0.0,0.0,0.0,
FAM90A16P,TOL,Adipose_Subcutaneous,0.0,0.0,0.0,0.0,
CT47A5,TOL,Adipose_Subcutaneous,0.0,0.0,0.0,0.0,
CT45A2,TOL,Adipose_Subcutaneous,0.0,0.0,0.0,0.0,
PRR23D1,TOL,Adipose_Subcutaneous,0.0,0.0,0.0,0.0,
PRAMEF5,TOL,Adipose_Subcutaneous,0.0,0.0,0.0,0.0,
OR1S1,TOL,Adipose_Subcutaneous,0.0,0.0,0.0,0.0,
TRIM64,TOL,Adipose_Subcutaneous,0.0,0.0,0.0,0.0,
GAGE12C,TOL,Adipose_Subcutaneous,0.0,0.0,0.0,0.0,
CT47A2,TOL,Adipose_Subcutaneous,0.0,0.0,0.0,0.0,
CT47A1,TOL,Adipose_Subcutaneous,0.0,0.0,0.0,0.0,
PRR20E,TOL,Adipose_Subcutaneous,0.0,0.0,0.0,0.0,
MBD3L2,TOL,Adipose_Subcutaneous,0.0,0.0,0.0,0.0,
GAGE12F,TOL,Adipose_Subcutaneous,0.0,0.0,0.0,0.0,
PRAMEF7,TOL,Adipose_Subcutaneous,0.0,0.0,0.0,0.0,
DEFB107A,TOL,Adipose_Subcutaneous,0.0,0.0,0.0,0.0,
FAM90A22P,TOL,Adipose_Subcutaneous,0.0,0.0,0.0,0.0,
SSX4,TOL,Adipose_Subcutaneous,0.0,0.0,0.0,0.0,
OPN1MW2,TOL,Adipose_Subcutaneous,0.0,0.0,0.0,0.0,
DEFB130A,TOL,Adipose_Subcutaneous,0.0,0.0,0.0,0.0,
FAM90A17P,TOL,Adipose_Subcutaneous,0.0,0.0,0.0,0.0,
SPDYE8,TOL,Adipose_Subcutaneous,0.0,0.0,0.0,0.0,
MBD3L4,TOL,Adipose_Subcutaneous,0.0,0.0,0.0,0.0,
FAM90A9P,TOL,Adipose_Subcutaneous,0.0,0.0,0.0,0.0,
TRIM48,TOL,Adipose_Subcutaneous,0.0,0.0,0.0,0.0,
PRR20A,TOL,Adipose_Subcutaneous,0.0,0.0,0.0,0.0,
MBD3L5,TOL,Adipose_Subcutaneous,0.0,0.0,0.0,0.0,
TRIM64C,TOL,Adipose_Subcutaneous,0.0,0.0,0.0,0.0,
PRR20D,TOL,Adipose_Subcutaneous,0.0,0.0,0.0,0.0,
DEFB107B,TOL,Adipose_Subcutaneous,0.0,0.0,0.0,0.0,
GAGE12H,TOL,Adipose_Subcutaneous,0.0,0.0,0.0,0.0,
PRAMEF4,TOL,Adipose_Subcutaneous,0.0,0.0,0.0,0.0,
OPN1MW,TOL,Adipose_Subcutaneous,0.0,0.0,0.0,0.0,
SPDYE9,TOL,Adipose_Subcutaneous,0.0,0.0,0.0,0.0,
DEFB131B,TOL,Adipose_Subcutaneous,0.0,0.0,0.0,0.0,
FAM90A8P,TOL,Adipose_Subcutaneous,0.0,0.0,0.0,0.0,
PRR23D2,TOL,Adipose_Subcutaneous,0.0,0.0,0.0,0.0,
DEFB106A,TOL,Adipose_Subcutaneous,0.0,0.0,0.0,0.0,
GAGE13,TOL,Adipose_Subcutaneous,0.0,0.0,0.0,0.0,
CT45A6,TOL,Adipose_Subcutaneous,0.0,0.0,0.0,0.0,
PRAMEF9,TOL,Adipose_Subcutaneous,0.0,0.0,0.0,0.0,
TP53TG3B,TOL,Adipose_Subcutaneous,0.0,0.0,0.0,0.0,
PRAMEF25,TOL,Adipose_Subcutaneous,0.0,0.0,0.0,0.0,
CT47A4,TOL,Adipose_Subcutaneous,0.0,0.0,0.0,0.0,
SPDYE14,TOL,Adipose_Subcutaneous,0.0,0.0,0.0,0.0,
GAGE12E,TOL,Adipose_Subcutaneous,0.0,0.0,0.0,0.0,
TRIM49D1,TOL,Adipose_Subcutaneous,0.0,0.0,0.0,0.0,
GOLGA6B,TOL,Testis,5.15607,0.1288022128489748,0.1288338021755363,-3.158932656147084e-05,0.987031807084124
SPAG11B,TOL,Testis,0.015258,0.0,0.0003972071893235,-0.0003972071893235,1.0
OR2T35,TOL,Cells_EBV-transformed_lymphocytes,0.015295,0.0,0.0003981631262534,-0.0003981631262534,1.0
OR4F17,TOL,Colon_Transverse_Mixed_Cell,0.0102125,0.0,0.0004135672386274,-0.0004135672386274,0.9917842854272092
OR9G1,TOL,Testis,0.017295,0.0,0.0004497836250076,-0.0004497836250076,1.0
POTEB,TOL,Testis,0.0190125,0.0,0.0004940317969435,-0.0004940317969435,1.0
SPACA5,TOL,Testis,0.019749,0.0,0.000512983497747,-0.000512983497747,1.0
TBC1D3,TOL,Small_Intestine_Terminal_Ileum_Mixed_Cell,0.020293,0.0,0.0005269729801533,-0.0005269729801533,1.0
MAGEA2B,TOL,Testis,0.0210265,0.0,0.0005458238327609,-0.0005458238327609,1.0
PRAMEF13,TOL,Testis,0.0237685,0.0,0.0006161731329153,-0.0006161731329153,1.0
CXorf49,TOL,Testis,0.0251975,0.0,0.0006527611937436,-0.0006527611937436,1.0
TRIM77,TOL,Testis,0.026355,0.0,0.0006823604129961,-0.0006823604129961,1.0
PRAMEF8,TOL,Testis,0.0277445,0.0,0.0007178482055358,-0.0007178482055358,1.0
SPDYE13,TOL,Colon_Transverse_Muscularis,0.013866,0.0,0.0008049361130116,-0.0008049361130116,0.9817130272480092
PRAMEF15,TOL,Testis,0.0313435,0.0,0.0008095439596252,-0.0008095439596252,1.0
TRIM64B,TOL,Testis,0.032181,0.0,0.0008308359889237,-0.0008308359889237,1.0
SSX4B,TOL,Testis,0.032286,0.0,0.0008335042185341,-0.0008335042185341,1.0
PRAMEF6,TOL,Testis,0.0359695,0.0,0.0009269368951714,-0.0009269368951714,1.0
FAM90A10P,TOL,Testis,0.0376665,0.0,0.0009698698975436,-0.0009698698975436,1.0
SSX7,TOL,Testis,0.042437,0.0,0.0010901853924903,-0.0010901853924903,1.0
CXorf49B,TOL,Testis,0.042987,0.0,0.0011040213805132,-0.0011040213805132,1.0
CLEC18C,TOL,Kidney_Cortex,3.94908,0.1326954033233358,0.1338486331619287,-0.0011532298385929,0.9764345377854112
TRIM51GP,TOL,Testis,0.045967,0.0,0.0011788606478427,-0.0011788606478427,1.0
OR2T5,TOL,Cells_EBV-transformed_lymphocytes,0.047365,0.0,0.0012138963615367,-0.0012138963615367,1.0
MRGPRX1,TOL,Testis,0.0362135,0.0,0.0012468139478194,-0.0012468139478194,0.995041430290386
MAGEA2,TOL,Testis,0.0519,0.0,0.001327228359999,-0.001327228359999,1.0
DEFB108B,TOL,Colon_Transverse_Mixed_Cell,0.027861,0.0,0.001427207439415,-0.001427207439415,0.9853775699943268
OR2J1,TOL,Testis,0.0593915,0.0,0.0015133788794261,-0.0015133788794261,1.0
HSFX1,TOL,Testis,0.926371,0.1652011250316708,0.1669092837282629,-0.0017081586965921,0.8736069960816608
OR4K2,TOL,Testis,0.045656,0.0,0.0017154460578945,-0.0017154460578945,0.9931996317693118
TCP11X1,TOL,Pancreas_Islets,0.051256,0.0,0.0018125956745506,-0.0018125956745506,0.994379980851168
OR2T27,TOL,Testis,0.071913,0.0,0.0018215966664004,-0.0018215966664004,1.0
PRAMEF33,TOL,Liver,0.059469,0.0,0.0018275588701865,-0.0018275588701865,0.9969944205221182
XAGE1A,TOL,Testis,0.077294,0.0,0.0019529458864343,-0.0019529458864343,1.0
PRAMEF17,TOL,Testis,0.067847,0.0,0.0020223599902798,-0.0020223599902798,0.9974657641677972
NXF2,TOL,Testis,0.0509175,0.0,0.0021351109897109,-0.0021351109897109,0.9906207656664388
OR4N2,TOL,Testis,0.324688,0.0061535585495873,0.0083452412714454,-0.0021916827218581,0.9957046250048728
PRAMEF18,TOL,Testis,0.0924195,0.0,0.0023186722175291,-0.0023186722175291,1.0
TBC1D3E,TOL,Testis,0.04756,0.0006078156283564,0.0029370483588311,-0.0023292327304746,0.9775226579466
TRIM49B,TOL,Testis,0.142875,0.001707815768152,0.0041038303460603,-0.0023960145779082,0.9959597289144828
OPN1LW,TOL,Testis,0.080672,0.0,0.0024198830683528,-0.0024198830683528,0.9972657845737596
TBC1D3H,TOL,Testis,0.096937,0.0,0.0024269212785356,-0.0024269212785356,1.0
OR2T29,TOL,Cells_EBV-transformed_lymphocytes,0.102126,0.0,0.0025507121585814,-0.0025507121585814,1.0
OCM2,TOL,Testis,0.104116,0.0,0.0025980318486402,-0.0025980318486402,1.0
XAGE1B,TOL,Testis,0.105699,0.0,0.00263561272619,-0.00263561272619,1.0
DEFB4B,TOL,Small_Intestine_Terminal_Ileum_Mixed_Cell,0.106958,0.0,0.0026654633578884,-0.0026654633578884,1.0
ZNF705D,TOL,Testis,0.1095,0.0,0.0027256303188168,-0.0027256303188168,1.0
OR4Q3,TOL,Testis,0.118554,0.0,0.0029388164820051,-0.0029388164820051,1.0
KRT34,TOL,Cells_Cultured_fibroblasts,1.9119,0.1414250369375632,0.1444137183578063,-0.002988681420243,0.9348849507366666
SSX2B,TOL,Testis,0.121486,0.0,0.003007483831704,-0.003007483831704,1.0
GAGE12J,TOL,Testis,0.128427,0.0,0.0031693289268352,-0.0031693289268352,1.0
DUX4,TOL,Testis,0.129337,0.0,0.0031904737821119,-0.0031904737821119,1.0
PSG2,TOL,Cells_Cultured_fibroblasts,0.101809,0.0,0.0032034454067003,-0.0032034454067003,0.99629236954244
PPIAL4G,TOL,Small_Intestine_Terminal_Ileum_Lymphode_Aggregate,0.147053,0.0066964674098933,0.0102587329281527,-0.0035622655182594,0.9669598766857436
PSG7,TOL,Skin_Sun_Exposed_Lower_leg,0.14412,0.0020185602293177,0.0059242474328465,-0.0039056872035288,0.9883885112323478
SSX2,TOL,Testis,0.138746,0.0,0.0041223453374097,-0.0041223453374097,0.9970306525980794
MAGEA9,TOL,Testis,0.174575,0.0,0.0042207061187071,-0.0042207061187071,1.0
PRAMEF19,TOL,Testis,0.175434,0.0,0.0042398824490619,-0.0042398824490619,1.0
CT45A5,TOL,Testis,0.183011,0.0,0.0044084270611294,-0.0044084270611294,1.0
OR4K1,TOL,Testis,0.183766,0.0,0.0044251622828764,-0.0044251622828764,1.0
OR52E4,TOL,Testis,0.126205,0.0,0.0045062883640344,-0.0045062883640344,0.9936057007462984
TRIM49C,TOL,Testis,0.160358,0.0,0.0045228383766292,-0.0045228383766292,0.9977681467567066
TRIM43B,TOL,Testis,0.159189,0.0,0.0047837863881786,-0.0047837863881786,0.9966941108114892
TRIM49,TOL,Testis,0.215756,0.0,0.0051246129378894,-0.0051246129378894,1.0
OR52E5,TOL,Testis,0.147747,0.0,0.0052775607954808,-0.0052775607954808,0.993467301757977
TBC1D3G,TOL,Testis,0.0843815,0.0051351760470145,0.0111959221078853,-0.0060607460608708,0.9295038940504836
OR2T2,TOL,Cells_EBV-transformed_lymphocytes,0.220058,0.0,0.0064839875216839,-0.0064839875216839,0.9966805562658312
BOLA2-SMG1P6,TOL,Liver_Portal_Tract,0.305528,0.0,0.006993334542544,-0.006993334542544,1.0
ANKRD20A1,TOL,Testis,1.62361,0.1066325940729285,0.1138417180554495,-0.007209123982521,0.9583970977884458
KIR3DL3,TOL,Testis,0.0884245,0.0,0.0075048820794338,-0.0075048820794338,0.9651577283698388
PRAMEF10,TOL,Liver,0.130274,0.0,0.0079817455547171,-0.0079817455547171,0.9784695471931834
TRIM51,TOL,Testis,0.32151,0.0,0.0080448127164403,-0.0080448127164403,0.9986857027728764
NXF2B,TOL,Testis,0.286332,0.0052722556096286,0.013333234080729,-0.0080609784711004,0.9830743656096116
RGPD5,TOL,Testis,0.046,0.0096429184549343,0.0177063274003235,-0.0080634089453891,0.7655566190785205
NPIPB9,TOL,Testis,0.916877,0.1538177089964869,0.1620999865309219,-0.0082822775344349,0.8777156082346305
ZNF705B,TOL,Testis,0.377248,0.0,0.0083961521429856,-0.0083961521429856,1.0
H4C15,TOL,Small_Intestine_Terminal_Ileum_Mixed_Cell,0.067536,0.0040449266963109,0.0130019364013314,-0.0089570097050205,0.8953967502572425
AMY1A,TOL,Pancreas_Acini,0.108507,0.0,0.0089742633806357,-0.0089742633806357,0.965790775724078
MBD3L2B,TOL,Testis,0.433678,0.0,0.0094494733676401,-0.0094494733676401,1.0
CFC1B,TOL,Pancreas_Islets,0.713161,0.0068564024190806,0.0163180555668077,-0.009461653147727,0.9968646526342768
PRAMEF14,TOL,Testis,0.462225,0.0,0.0099666422399576,-0.0099666422399576,1.0
SPATA31A7,TOL,Testis,0.475517,0.0,0.0102040098674769,-0.0102040098674769,1.0
PSG1,TOL,Cells_Cultured_fibroblasts,0.683081,0.0050771861880235,0.0160703517722841,-0.0109931655842606,0.9969544159521126
PRAMEF1,TOL,Testis,0.542817,0.0,0.0113739445080459,-0.0113739445080459,1.0
CHRFAM7A,TOL,Testis,1.80126,0.2584076363587258,0.270389292346501,-0.0119816559877752,0.8876116942021182
PSG8,TOL,Testis,0.388494,0.0,0.0119854963370827,-0.0119854963370827,0.9949979058052646
OR2G6,TOL,Cells_EBV-transformed_lymphocytes,0.322977,0.0,0.0129520985951153,-0.0129520985951153,0.9895775582929316
OR4M2,TOL,Testis,0.668203,0.0,0.0134235428707514,-0.0134235428707514,1.0
HSFX2,TOL,Testis,0.629722,0.0160203584371998,0.0297706807441262,-0.0137503223069264,0.9808958817032126
PRAMEF2,TOL,Testis,0.700717,0.0,0.01392987447148,-0.01392987447148,1.0
RFPL4AL1,TOL,Liver_Hepatocyte,0.16624,0.0,0.0140493779543547,-0.0140493779543547,0.9644323797279244
MBD3L3,TOL,Testis,0.549933,0.0,0.0141782479170509,-0.0141782479170509,0.9971739298173934
BOLA2,TOL,Small_Intestine_Terminal_Ileum_Lymphode_Aggregate,0.217802,0.0,0.0149049003053481,-0.0149049003053481,0.972920632967064
DEFA1,TOL,Whole_Blood,0.66949,0.0,0.015797681531861,-0.015797681531861,0.997906894154004
DEFA1B,TOL,Whole_Blood,0.672762,0.0,0.0158672585205954,-0.0158672585205954,0.9979002132753962
HSD17B1,TOL,Skin_Not_Sun_Exposed_Suprapubic,11.0191,1.9082912819587683,1.9255750146852089,-0.0172837327264401,0.7182219083092762
OR4M1,TOL,Testis,0.945595,0.0,0.0175925574953362,-0.0175925574953362,0.9999190590967244
OR2T10,TOL,Cells_EBV-transformed_lymphocytes,0.332168,0.0010801874664071,0.0197819191274363,-0.0187017316610292,0.9770853231254674
PRB4,TOL,Testis,0.46884,0.0,0.0189014594789424,-0.0189014594789424,0.9884363853881348
LIMS3,TOL,Artery_Aorta,0.083712,0.0,0.0190928250825362,-0.0190928250825362,0.8834433052626773
PRAMEF11,TOL,Testis,1.12387,0.0,0.019758099325378,-0.019758099325378,1.0
S100A7A,TOL,Testis,0.502258,0.0,0.0197751460929509,-0.0197751460929509,0.9892779283383109
ANKRD20A3P,TOL,Testis,1.54252,0.0069343956299123,0.0269607263718344,-0.0200263307419221,0.998470727876578
CT45A3,TOL,Testis,1.14741,0.0,0.0200472303255715,-0.0200472303255715,1.0
SPDYE2B,TOL,Testis,0.0980965,0.0034004008090079,0.0244084602464385,-0.0210080594374306,0.8663198764603631
FAM72D,TOL,Cells_EBV-transformed_lymphocytes,5.2247,0.271574457582424,0.2926809526149344,-0.0211064950325103,0.9597266485914068
FAM156B,TOL,Small_Intestine_Terminal_Ileum_Lymphode_Aggregate,0.141727,0.0489240210800778,0.0705736540935254,-0.0216496330134476,0.6743252136307042
TEX28,TOL,Testis,1.32984,0.0,0.0221860160416459,-0.0221860160416459,1.0
ZNF705G,TOL,Testis,1.43842,0.0006834487502147,0.0233808480186174,-0.0226973992684027,0.9999359008547314
FOXI3,TOL,Testis,0.702428,0.0043820682580016,0.0271393455709274,-0.0227572773129258,0.9881411864467716
POTED,TOL,Testis,1.46248,0.0,0.0236384001309327,-0.0236384001309327,1.0
SPATA31A6,TOL,Testis,1.85345,0.0040400439620894,0.0277240197755704,-0.023683975813481,0.9996370222050608
POTEB3,TOL,Testis,1.47537,0.0,0.0237753488126349,-0.0237753488126349,1.0
PSG3,TOL,Testis,1.27021,0.0014551420240092,0.0252502369350273,-0.0237950949110181,0.9981441721882396
SPATA31A3,TOL,Testis,1.53321,0.0,0.0243812123573856,-0.0243812123573856,1.0
NPIPB8,TOL,Testis,1.06575,0.0366039304283132,0.0611799793245443,-0.024576048896231,0.9722608911809704
TBC1D3I,TOL,Testis,1.56183,0.0,0.0248899249188282,-0.0248899249188282,0.999921709712707
TCAF2C,TOL,Pancreas_Islets,0.082449,0.0012560005802163,0.0266988987244305,-0.0254428981442141,0.8251243690581767
FAM72B,TOL,Cells_EBV-transformed_lymphocytes,10.5888,0.383008355202313,0.4098248124956392,-0.0268164572933261,0.9700819106811815
SSX5,TOL,Testis,1.4834,0.0,0.0269710455103693,-0.0269710455103693,0.9987757752963644
LINC02203,TOL,Testis,1.84383,0.0,0.0274151859151722,-0.0274151859151722,1.0
GOLGA6C,TOL,Testis,5.20521,0.0518674612942941,0.0817063382236662,-0.029838876929372,0.9948509984557092
TCP11X2,TOL,Pituitary,1.52744,0.0289930104306385,0.0592677314601922,-0.0302747210295536,0.9802187847620956
AMY1C,TOL,Pancreas,0.443352,0.0,0.0303797150605709,-0.0303797150605709,0.9692796068108546
NBPF6,TOL,Testis,3.10082,0.0704980293446948,0.1014932064231661,-0.0309951770784713,0.982095725377216
RRP7A,TOL,Cells_EBV-transformed_lymphocytes,37.0743,4.100197076524904,4.131877524580902,-0.0316804480559973,0.5345611460906197
SPATA31D4,TOL,Testis,2.62519,0.0,0.0337828474593697,-0.0337828474593697,1.0
METTL2B,TOL,Cells_EBV-transformed_lymphocytes,14.0253,2.818944737202013,2.8537630111196712,-0.0348182739176583,0.54470576679606
RIMBP3C,TOL,Testis,4.05606,0.0171335753652118,0.052552274643322,-0.0354186992781102,0.9980009440085266
GOLGA8F,TOL,Testis,2.63823,0.0036975598060142,0.0399920003657287,-0.0362944405597144,0.9984850058618564
GOLGA6L1,TOL,Testis,4.11256,0.0062880963967649,0.0428008339879886,-0.0365127375912237,0.9997923089776092
GOLGA6D,TOL,Testis,3.09498,0.0,0.0371674186594581,-0.0371674186594581,0.9999652735681844
FAM25G,TOL,Skin_Sun_Exposed_Lower_leg,0.479586,0.0,0.0371829318800248,-0.0371829318800248,0.9634164877654736
MAGEA9B,TOL,Testis,3.20751,0.0,0.0376903036439339,-0.0376903036439339,1.0
ALPG,TOL,Testis,0.63517,0.002764271360183,0.0406537020935826,-0.0378894307333995,0.9724889141207702
BTN1A1,TOL,Small_Intestine_Terminal_Ileum_Lymphode_Aggregate,1.24678,0.0910811695761,0.1305762060733282,-0.0394950364972281,0.9323065171104646
METTL2A,TOL,Cells_EBV-transformed_lymphocytes,10.0072,2.3974687818845197,2.4372644277632083,-0.039795645878689,0.553452860209306
GOLGA8G,TOL,Testis,6.2093,0.0129488063498476,0.0529532804452062,-0.0400044740953586,0.9996084796733642
FAM72A,TOL,Cells_EBV-transformed_lymphocytes,5.33582,0.3092507018661869,0.3502998680414122,-0.0410491661752253,0.9499340209679478
GYPB,TOL,Whole_Blood,7.61345,0.0268250014136072,0.069335297801106,-0.0425102963874987,0.9984405181207688
SPANXN2,TOL,Testis,4.05743,0.0,0.0425164444826894,-0.0425164444826894,1.0
RHOXF2,TOL,Testis,5.64371,0.0125918473921235,0.055192673357456,-0.0426008259653325,0.9991300657339908
GOLGA6A,TOL,Testis,7.53919,0.0378640698074943,0.080945504014098,-0.0430814342066036,0.9974074276517256
CDC14C,TOL,Testis,9.85968,0.0208201948064027,0.0639793711048964,-0.0431591762984936,0.9996304555977236
ZNF479,TOL,Testis,4.21407,0.0,0.0433165445725746,-0.0433165445725746,1.0
NBPF4,TOL,Testis,4.29755,0.0756491249423881,0.1200725063710059,-0.0444233814286178,0.9845418502072598
GOLGA6L6,TOL,Testis,5.70287,0.0048304604167246,0.049905071882025,-0.0450746114653004,0.9998852423847652
GOLGA6L22,TOL,Testis,6.87522,0.0087357355732114,0.0541330950326984,-0.0453973594594869,0.9998269721583292
SPANXN1,TOL,Testis,4.71836,0.0,0.045738208142862,-0.045738208142862,1.0
TBC1D3B,TOL,Testis,3.41441,0.0542947648992928,0.1026507368155798,-0.048355971916287,0.986897926509626
H3-2,TOL,Ovary,7.06452,0.5886241772522233,0.6382945719667746,-0.0496703947145513,0.9121059697858652
ELOA2,TOL,Testis,9.79673,0.0362851993718869,0.0864388129988535,-0.0501536136269665,0.998067436178179
RGPD3,TOL,Testis,7.02638,0.3065929098091752,0.3569485998223913,-0.050355690013216,0.965011403931784
RHOXF2B,TOL,Testis,5.84093,0.0,0.0504398630487618,-0.0504398630487618,1.0
POTEH,TOL,Testis,2.25432,0.0,0.0504998482779494,-0.0504998482779494,0.9926713181669636
POTEM,TOL,Testis,0.993889,0.0061458700396454,0.0571742847162229,-0.0510284146765774,0.973392543625138
POTEC,TOL,Testis,6.29262,0.0,0.0524840556818445,-0.0524840556818445,0.9999666999157552
FRG2C,TOL,Testis,1.97825,0.0217486466623328,0.0742869710994382,-0.0525383244371054,0.9825338126755332
SLX1B,TOL,Small_Intestine_Terminal_Ileum_Lymphode_Aggregate,0.315723,0.1129581495096904,0.1656332949238469,-0.0526751454141565,0.6444843418146484
NUTM2F,TOL,Testis,2.86191,0.0014628089220298,0.0542849638583686,-0.0528221549363387,0.9961078414545927
PSG5,TOL,Cells_Cultured_fibroblasts,16.8206,0.0358916064755054,0.0920046290946673,-0.0561130226191618,0.9991200368915087
POTEI,TOL,Testis,1.25318,0.0070444403407695,0.0634276724204156,-0.056383232079646,0.9787901965459572
SHOX,TOL,Adipose_Subcutaneous,1.3571,0.0130224744571104,0.0697494239486901,-0.0567269494915797,0.9773321954078988
SPATA31D3,TOL,Testis,7.82283,0.0,0.0571134815833821,-0.0571134815833821,1.0
SPDYE16,TOL,Testis,0.652938,0.0232583682760432,0.0807445073740873,-0.057486139098044,0.9342544488807262
POM121L2,TOL,Testis,14.5384,0.029495531007945,0.0903674621722923,-0.0608719311643473,0.9989926933592644
DEFB4A,TOL,Esophagus_Mucosa,2.93435,0.0,0.0614723045954045,-0.0614723045954045,0.9944337185712516
SLC35G6,TOL,Testis,13.4517,0.125397718014948,0.187699778533021,-0.062302060518073,0.993377049718734
NUTM2A,TOL,Testis,0.80531,0.3749702114883919,0.4376317414462173,-0.0626615299578254,0.5737495915636084
GOLGA8J,TOL,Testis,2.86266,0.1028910411743533,0.1656309713968646,-0.0627399302225112,0.966954281431809
SPATA31A1,TOL,Testis,9.99596,0.0,0.0628891210685299,-0.0628891210685299,1.0
GRAPL,TOL,Small_Intestine_Terminal_Ileum_Lymphode_Aggregate,0.786456,0.0,0.0632674412772318,-0.0632674412772318,0.9630840996275906
FAM189B,TOL,Brain_Cerebellum,50.8256,4.429000079591377,4.49249214726244,-0.0634920676710626,0.5371492042792396
NPY4R2,TOL,Colon_Transverse_Mucosa,0.647416,0.0325745993492417,0.0964680856349486,-0.0638934862857069,0.9090597865148043
MAGEA6,TOL,Testis,11.3364,0.0,0.0659063553543522,-0.0659063553543522,1.0
FAM25C,TOL,Skin_Not_Sun_Exposed_Suprapubic,1.21815,0.0,0.0665114099208191,-0.0665114099208191,0.9719632351724936
MAGEA3,TOL,Testis,13.2166,0.0,0.0696273558257858,-0.0696273558257858,1.0
PRB3,TOL,Testis,2.1073,0.0,0.0710921149550853,-0.0710921149550853,0.9877330261330372
CT47B1,TOL,Testis,14.405,0.0,0.0717332141320841,-0.0717332141320841,1.0
POTEG,TOL,Testis,1.70602,0.0,0.0729778578562583,-0.0729778578562583,0.9830914127268724
PKD2L2,TOL,Testis,6.82548,0.1440021199355849,0.2195746172641054,-0.0755724973285204,0.9820649943464694
SSX3,TOL,Testis,19.0857,0.0,0.0801565557045858,-0.0801565557045858,0.999955116431236
LIMS4,TOL,Artery_Aorta,0.570482,0.0,0.0808073310541041,-0.0808073310541041,0.9280379272892412
SSX1,TOL,Testis,16.4389,0.0,0.0815198318386051,-0.0815198318386051,0.9997431910458476
GLYATL1B,TOL,Cells_EBV-transformed_lymphocytes,1.94505,0.0,0.0838625661772172,-0.0838625661772172,0.9791167859322958
SPDYE21,TOL,Testis,0.893814,0.0771658600825622,0.1613571519653038,-0.0841912918827416,0.8896100841575473
RFPL4A,TOL,Testis,1.21523,0.0,0.0846032009666281,-0.0846032009666281,0.9655795948460588
TBC1D3D,TOL,Small_Intestine_Terminal_Ileum_Lymphode_Aggregate,3.24813,0.0045936192201835,0.0910490196862838,-0.0864554004661002,0.9882866334434172
RLN1,TOL,Prostate,2.76895,0.1073501947588454,0.1946936699673176,-0.0873434752084721,0.9538087582636126
SPDYE17,TOL,Testis,0.581873,0.0134912986571272,0.1010809288597769,-0.0875896302026496,0.9057750099902552
GAGE2A,TOL,Testis,28.4892,0.0,0.0887657232646543,-0.0887657232646543,1.0
ZC3H11B,TOL,Testis,5.51854,0.0670144294797533,0.1568322611316953,-0.089817831651942,0.9866762415367378
PAGE2,TOL,Testis,33.2649,0.0343007731081175,0.1247072836158107,-0.0904065105076932,0.9992641100388052
GSTT4,TOL,Testis,29.8802,0.0058467152333401,0.0972234460770149,-0.0913767308436747,0.9998330160131
B3GNTL1,TOL,Whole_Blood,6.24196,1.5422575948413215,1.6344609619632646,-0.0922033671219431,0.6444319345540432
CTAGE6,TOL,Testis,5.28394,0.0,0.0931486539158392,-0.0931486539158392,0.99490789861184
SPATA31D1,TOL,Testis,28.7053,0.0,0.0931725904586014,-0.0931725904586014,0.9999093541985148
CBWD5,TOL,Brain_Cerebellar_Hemisphere,4.83694,1.5178194404732597,1.6141941732709837,-0.096374732797724,0.5650836605775614
ALG1L2,TOL,Cells_EBV-transformed_lymphocytes,0.591302,0.0378830211834713,0.1347362332932818,-0.0968532121098105,0.8630188821359916
CST1,TOL,Nerve_Tibial,5.75041,0.0,0.0973397678613269,-0.0973397678613269,0.9925574690365362
GOLGA8S,TOL,Testis,8.23294,0.0053907240557624,0.1032593519666535,-0.0978686279108911,0.9966696378642634
FAM13B,TOL,Artery_Tibial,38.8365,3.827864875575093,3.9295176600688326,-0.1016527844937393,0.5780976966006167
POTEE,TOL,Testis,1.88736,0.0312363375660366,0.1382830173201182,-0.1070466797540815,0.9620195492210868
ZNF705E,TOL,Nerve_Tibial,0.470002,0.109227551311867,0.2164548746728104,-0.1072273233609434,0.6915616808743971
FCGR3A,TOL,Spleen,277.686,2.922509316816428,3.0313991994331646,-0.108889882616737,0.952041491673028
UGT2B11,TOL,Liver,1.10037,0.0,0.1092181023269183,-0.1092181023269183,0.943526797431366
SPDYE2,TOL,Testis,0.682874,0.0538101781413723,0.163491270927199,-0.1096810927858266,0.8556881125641106
GOLGA8T,TOL,Testis,2.22703,0.1265611239826354,0.2385951253805923,-0.1120340013979568,0.9329426059109176
KIR2DL3,TOL,Whole_Blood,3.74752,0.0,0.1127131925698452,-0.1127131925698452,0.9858688715291274
TUBB8B,TOL,Testis,7.07057,0.0714268935305357,0.1849719618959473,-0.1135450683654116,0.985978112258846
PSG4,TOL,Cells_Cultured_fibroblasts,2.6516,0.0060781265176469,0.1200067611689698,-0.1139286346513229,0.9742216583397688
SBDS,TOL,Artery_Tibial,592.423,7.132119638340133,7.247542159221282,-0.1154225208811485,0.7196512949437779
POTEJ,TOL,Testis,0.680785,0.040065295427956,0.1594356429001064,-0.1193703474721504,0.8595781822981131
SULT1A3,TOL,Small_Intestine_Terminal_Ileum_Lymphode_Aggregate,1.81961,0.6225897397215019,0.7447964330305784,-0.1222066933090765,0.6314249149830122
GGTLC2,TOL,Testis,15.1018,0.0,0.1289511374232713,-0.1289511374232713,0.9973937049710194
KCNJ18,TOL,Skin_Not_Sun_Exposed_Suprapubic,10.1278,0.0178581510549247,0.1472272699722134,-0.1293691189172887,0.9853522998467644
EIF3CL,TOL,Colon_Transverse_Mixed_Cell,0.540419,0.1998948471425798,0.3320103910227731,-0.1321155438801932,0.5606100606348203
H4C14,TOL,Prostate,0.722516,0.0652345797588526,0.1974080934371748,-0.1321735136783222,0.8298292397470431
NPY4R,TOL,Colon_Transverse_Muscularis,1.13871,0.0351376888245929,0.1683285625533792,-0.1331908737287862,0.9003477816020407
CTAGE9,TOL,Testis,8.82382,0.0035106670715918,0.1373617799498847,-0.1338511128782928,0.9946826613863416
TPTE,TOL,Testis,136.666,0.0,0.1349232091047997,-0.1349232091047997,0.9999754819517503
NOTCH2NLA,TOL,Testis,1.45022,0.0535472183087997,0.1888548632502838,-0.135307644941484,0.9244926194419908
CLEC18A,TOL,Artery_Aorta,4.75252,0.337688920678096,0.4768462668979367,-0.1391573462198406,0.9163016657557072
TEX37,TOL,Testis,184.574,0.0,0.1415287414373891,-0.1415287414373891,0.9999857379534222
KIR2DL1,TOL,Whole_Blood,5.24347,0.0114739254589762,0.1550382028186755,-0.1435642773596992,0.9833169167996276
GGT2,TOL,Thyroid,6.58415,0.0801989062391697,0.2244459345409427,-0.144247028301773,0.9756325531202762
KIR3DL1,TOL,Whole_Blood,5.55788,0.0044098889822527,0.1513628162319295,-0.1469529272496768,0.9853784968906324
TRIM74,TOL,Stomach_Mixed_Cell,4.78586,0.6176150418614917,0.7733025398287718,-0.1556874979672801,0.8375753112511602
H4C8,TOL,Prostate,9.76802,1.6890251372450251,1.845777435646828,-0.1567522984018026,0.7105350533619196
NPIPB11,TOL,Liver_Portal_Tract,6.97811,1.246662931314132,1.406697468286221,-0.160034536972089,0.7518381415213207
NUTM2G,TOL,Testis,2.54375,0.0993476126170072,0.2614780755583645,-0.1621304629413573,0.9379752568851076
CYP2A7,TOL,Liver,28.8006,0.1323703816784817,0.2952596443321829,-0.1628892626537011,0.9929834173230844
FAM187B,TOL,Testis,153.794,0.0856793492457153,0.2517569912733833,-0.166077642027668,0.9994419412845136
OR2A1,TOL,Thyroid,0.971738,0.0211118631306328,0.1872457526260902,-0.1661338894954574,0.8879787724859073
GOLGA8Q,TOL,Thyroid,1.91691,0.0836324085861762,0.2506976376959197,-0.1670652291097435,0.9186714128
CTAGE15,TOL,Testis,1.5509,0.0,0.1696076379565352,-0.1696076379565352,0.9406678019407122
CCDC144A,TOL,Testis,4.44918,0.4845808933034365,0.6554173606298374,-0.1708364673264008,0.8691617885247744
RGPD4,TOL,Testis,4.91427,0.3631426489558145,0.5345162536136192,-0.1713736046578047,0.9197860941615386
AGAP4,TOL,Brain_Cerebellum,16.2774,2.417604321116176,2.5932611046326337,-0.1756567835164579,0.670772423407677
SMN2,TOL,Stomach_Muscularis,5.25233,1.7027474830941538,1.8823833249997115,-0.1796358419055574,0.4802662903465927
ARL17B,TOL,Small_Intestine_Terminal_Ileum_Lymphode_Aggregate,1.32817,0.4076700992584953,0.592058111551101,-0.1843880122926057,0.6357927791791623
GOLGA8K,TOL,Testis,2.43258,0.0945534311100753,0.2793226311544355,-0.1847692000443602,0.9284953859565356
ANTXRL,TOL,Testis,36.4958,0.0704144431656163,0.2570262123985014,-0.186611769232885,0.9968148739339706
PLGLB2,TOL,Liver_Hepatocyte,18.3456,0.4356994669815446,0.6334953551594138,-0.1977958881778691,0.956802336271286
LRRC37A2,TOL,Testis,12.4971,1.905546474179666,2.10344657032474,-0.1979000961450738,0.7264648598474847
KIR3DL2,TOL,Whole_Blood,4.33112,0.001528996034661,0.20067342671941,-0.1991444306847489,0.971980066580965
ASMT,TOL,Pituitary,1.54041,0.2656203714483231,0.4672056513199079,-0.2015852798715848,0.7713311691488998
H3C8,TOL,Cells_EBV-transformed_lymphocytes,3.10828,0.0,0.2028668382641307,-0.2028668382641307,0.961029397359273
GOLGA8O,TOL,Thyroid,1.16915,0.0837578741540182,0.2882920382568673,-0.204534164102849,0.8404377207321814
ZNF443,TOL,Liver_Portal_Tract,6.49186,1.8816294056838665,2.089259886718786,-0.2076304810349198,0.489607458359679
SERHL2,TOL,Ovary,18.6293,1.7336994164229214,1.9413778620882147,-0.2076784456652933,0.8359173949301978
PAGE2B,TOL,Testis,60.1758,0.1186059288129625,0.3300756964762828,-0.2114697676633202,0.9972016411069796
TUBA3D,TOL,Testis,470.385,0.6280429654905905,0.8398113974477057,-0.2117684319571152,0.997558067280232
CRLF2,TOL,Small_Intestine_Terminal_Ileum_Lymphode_Aggregate,1.18834,0.0090449261293074,0.2227363969939101,-0.2136914708646027,0.8885889861663291
AMY1B,TOL,Pancreas_Acini,8.82973,0.043911473640333,0.2593233524903637,-0.2154118788500306,0.964602239912307
RLN2,TOL,Testis,3.55506,0.2128727991413234,0.4303818682590131,-0.2175090691176896,0.8925756926158896
VAMP7,TOL,Artery_Tibial,57.1122,4.506323008963891,4.724971165919059,-0.2186481569551679,0.5388729475005132
RHD,TOL,Whole_Blood,2.65804,0.3180881656361238,0.5376909697718265,-0.2196028041357026,0.8400430111560152
LRRC37A,TOL,Testis,2.14066,0.3617850401205488,0.5820959955260175,-0.2203109554054687,0.7869409922536096
TRIM73,TOL,Stomach_Mixed_Cell,5.19592,0.709354327056312,0.9335440279637576,-0.2241897009074457,0.8128785231719123
TOP3B,TOL,Ovary,2.21833,0.4985226056289855,0.7383148780916562,-0.2397922724626706,0.7050139775039863
NPIPB13,TOL,Small_Intestine_Terminal_Ileum_Lymphode_Aggregate,4.6332,0.92810417344592,1.1723426016509513,-0.2442384282050312,0.7355330218887434
CYP2E1,TOL,Liver_Mixed_Cell,4551.41,2.7410027256517213,2.986454628109708,-0.2454519024579866,0.9759548680649957
S100A7,TOL,Skin_Not_Sun_Exposed_Suprapubic,77.8922,0.5121157516388289,0.7640558735429179,-0.251940121904089,0.9604978510867316
CYP4V2,TOL,Liver_Hepatocyte,43.0151,3.685228645571683,3.94373867538201,-0.2585100298103269,0.63793402365438
TUBA3E,TOL,Testis,348.287,0.1278217879939292,0.3943475046241633,-0.266525716630234,0.9988379919477114
DPY19L2,TOL,Testis,51.9639,2.4895525015775912,2.75735214234763,-0.2677996407700389,0.8340086095361322
SFTPA1,TOL,Lung,1730.39,0.1300989317523672,0.4050725131680102,-0.2749735814156429,0.9998758499313372
SPDYE5,TOL,Testis,2.49243,0.237522608314369,0.5168654592831007,-0.2793428509687315,0.8491959504124758
SMN1,TOL,Ovary,8.4728,2.007873441189401,2.2917975846011447,-0.2839241434117432,0.5362755197668535
POMZP3,TOL,Testis,52.1993,3.657755445822656,3.94542873741664,-0.287673291593983,0.7089393347214498
TMSB15A,TOL,Cervix_Endocervix,8.6373,0.8498532837194831,1.1493570596554528,-0.2995037759359696,0.8229040532463243
AMY2A,TOL,Pancreas_Mixed_Cell,4149.87,0.843987127279483,1.1447552835371917,-0.3007681562577087,0.9747832264625158
POLR2J2,TOL,Small_Intestine_Terminal_Ileum_Lymphode_Aggregate,1.94946,0.3279721254607941,0.63078632561647,-0.3028142001556759,0.7476903056659702
RGPD8,TOL,Testis,4.76933,0.5593373896285665,0.8682863185414547,-0.3089489289128881,0.8394799031660976
H2BC18,TOL,Vagina,7.11867,0.5620515976027677,0.8778611916504303,-0.3158095940476626,0.866658076683744
DEFA3,TOL,Whole_Blood,499.23,0.4929805499258889,0.8090928631677926,-0.3161123132419037,0.9956106145254738
GPR89B,TOL,Small_Intestine_Terminal_Ileum_Lymphode_Aggregate,10.6716,2.072852762847285,2.391737164427219,-0.3188844015799339,0.602959536065316
CYP2D6,TOL,Liver,223.886,1.902176282918584,2.2315150607822445,-0.3293387778636605,0.9571129706736412
POLR2J3,TOL,Small_Intestine_Terminal_Ileum_Lymphode_Aggregate,2.58454,0.6269214065941522,0.9600269398298888,-0.3331055332357366,0.6592111255341608
ATP5F1A,TOL,Heart_Left_Ventricle,330.956,6.769868303783527,7.104752883324613,-0.3348845795410859,0.5849951916771909
CCZ1,TOL,Cervix_Endocervix,14.6642,2.991626099542885,3.3271543264325465,-0.3355282268896613,0.382422997056289
SPDYE1,TOL,Testis,8.86917,0.1875576873403369,0.5250242185063371,-0.3374665311660001,0.9605644466319092
CEP20,TOL,Cells_Cultured_fibroblasts,49.1024,4.270739512015402,4.610569329503446,-0.3398298174880434,0.5187338716580349
CTAGE4,TOL,Testis,1.81169,0.0038062508195845,0.3491300333492006,-0.345323782529616,0.8764986357670661
NOTCH2NLR,TOL,Cervix_Ectocervix,1.46653,0.1439939577337979,0.4910613691756766,-0.3470674114418787,0.7435696111167482
AQP12A,TOL,Pancreas_Acini,41.5412,0.0056126604429497,0.3561970889095474,-0.3505844284665977,0.9763402224240318
LSM7,TOL,Small_Intestine_Terminal_Ileum_Lymphode_Aggregate,206.98,5.323434257491742,5.674057297501494,-0.3506230400097516,0.7530137672830167
CNTNAP3B,TOL,Esophagus_Muscularis,2.58581,0.2235575342323815,0.5772856749984738,-0.3537281407660923,0.8202262641568419
GPR89A,TOL,Cells_Cultured_fibroblasts,8.09066,1.903510723228268,2.259261429389908,-0.3557507061616398,0.5380347547241778
KIR2DL4,TOL,Spleen,8.3367,0.0100090342943977,0.369977264726439,-0.3599682304320413,0.967929369668982
RASA4B,TOL,Muscle_Skeletal,5.79036,1.0704138456474093,1.4339737856389312,-0.3635599399915219,0.6903054438499068
RAET1L,TOL,Esophagus_Mucosa,56.0531,0.0030609652421511,0.366852235847787,-0.3637912706056358,0.99035273323054
PPP2R3B,TOL,Muscle_Skeletal,60.8739,3.3846464435833736,3.752756225440861,-0.3681097818574876,0.7690004585696888
ASMTL,TOL,Cells_EBV-transformed_lymphocytes,40.8635,4.017334102763794,4.388353254715219,-0.3710191519514252,0.4943713553806457
SPDYE6,TOL,Testis,3.38467,0.1656771446036464,0.5385240718822105,-0.372846927278564,0.8870184835585947
SLC10A1,TOL,Liver,94.3305,0.1264314818140152,0.49931074148032,-0.3728792596663048,0.9896457189619194
TIMM23B-AGAP6,TOL,Nerve_Tibial,1.2489,0.2724679715903733,0.6475022961772093,-0.375034324586836,0.5880072911923686
ZNF322,TOL,Uterus,6.68884,1.520439219629616,1.900161689887906,-0.37972247025829,0.5855431104802143
SLC35E2A,TOL,Brain_Cerebellum,10.175,1.832733830699511,2.213213112267158,-0.3804792815676472,0.627758973193003
AQP12B,TOL,Pancreas_Acini,60.2049,0.0245244875890182,0.4123109818644078,-0.3877864942753896,0.9750522097633596
GOLGA6L4,TOL,Ovary,1.73669,0.0973131103544561,0.4873484252741711,-0.390035314919715,0.7977643223001931
NPIPB12,TOL,Small_Intestine_Terminal_Ileum_Lymphode_Aggregate,3.70311,0.9692148114682618,1.3605905238638725,-0.3913757123956106,0.5825555300693807
CYP4A22,TOL,Liver,76.257,0.1581499953262447,0.5507645778378248,-0.3926145825115801,0.9845744390678888
GOLGA8A,TOL,Brain_Cerebellum,202.303,4.932888130765581,5.331325543032873,-0.3984374122672927,0.7547948064603257
EIF5AL1,TOL,Testis,11.2653,0.4296458833061436,0.8296976752266882,-0.4000517919205446,0.9408895100010584
UPK3BL1,TOL,Small_Intestine_Terminal_Ileum_Lymphode_Aggregate,130.411,4.475071692782684,4.876606211180332,-0.4015345183976482,0.7730626422526166
NPIPB5,TOL,Small_Intestine_Terminal_Ileum_Lymphode_Aggregate,36.5979,3.1749188393601786,3.5790890351314286,-0.40417019577125,0.6876338308783968
UGT2B10,TOL,Liver,96.2839,0.0,0.4047189417838279,-0.4047189417838279,0.9861151747398508
CCZ1B,TOL,Cells_EBV-transformed_lymphocytes,10.4169,2.434522258921699,2.8466301132715683,-0.4121078543498693,0.4107843411173261
RASA4,TOL,Pancreas_Islets,4.81359,0.8214318975093613,1.2366097178530822,-0.4151778203437208,0.711791711110952
SERPINB4,TOL,Vagina,139.798,0.0,0.4162731014217278,-0.4162731014217278,0.9810040440012274
FBXO22,TOL,Brain_Cerebellum,16.8244,2.2653355990856867,2.692921772356325,-0.4275861732706381,0.6743866406537484
PLEKHM1,TOL,Esophagus_Mucosa,41.7449,3.204488752044942,3.637673534512007,-0.4331847824670647,0.7183800913315606
CDK11B,TOL,Testis,62.9346,4.372329946383244,4.812720954968801,-0.4403910085855562,0.5668591242147558
NPIPB3,TOL,Small_Intestine_Terminal_Ileum_Lymphode_Aggregate,7.80423,1.419616511859059,1.8642869818367744,-0.4446704699777155,0.6657139724513348
PWWP2B,TOL,Spleen,51.9019,3.861839773994028,4.317147631719497,-0.4553078577254688,0.6071552725200033
EOLA1,TOL,Pituitary,12.2824,2.487637179824349,2.949981832307139,-0.4623446524827899,0.4740702628977175
GOLGA8R,TOL,Thyroid,3.92036,0.3217435071261477,0.7878360586019137,-0.466092551475766,0.8329982602877013
H2AC11,TOL,Testis,10.3711,0.1592757054846791,0.6259094831205061,-0.4666337776358269,0.9515241730140744
NPIPB4,TOL,Small_Intestine_Terminal_Ileum_Lymphode_Aggregate,10.7632,1.4625337781614578,1.9298915880398797,-0.4673578098784217,0.7376370327084659
NBPF12,TOL,Stomach_Mixed_Cell,44.4072,2.5124891386079806,3.002610324957011,-0.4901211863490302,0.8392125970966655
FAM185A,TOL,Cervix_Endocervix,7.51077,1.9402138825467825,2.4345356051412788,-0.4943217225944962,0.4316450393155827
NOTCH2NLC,TOL,Skin_Sun_Exposed_Lower_leg,3.10959,0.4914616913308039,0.9881280122203718,-0.4966663208895679,0.7004114330377
OSCAR,TOL,Whole_Blood,141.223,1.32338200525874,1.8206622449434215,-0.4972802396846818,0.9756157826391012
ALG10B,TOL,Cells_EBV-transformed_lymphocytes,7.53084,1.1799833329513751,1.6856122300883438,-0.5056288971369687,0.7133643195498518
GBA,TOL,Cells_Cultured_fibroblasts,44.7263,3.4154050018130624,3.925184735954171,-0.5097797341411088,0.6768392939597695
WASHC1,TOL,Fallopian_Tube,27.6502,3.2377615582556065,3.750116846115239,-0.512355287859632,0.5409623875760474
CYP4A11,TOL,Liver,235.944,0.2797152289292823,0.7998571768796129,-0.5201419479503305,0.9774966263181092
GOLGA8H,TOL,Testis,6.23302,0.3160511943091947,0.8399035344668837,-0.5238523401576889,0.8850183066908417
CYP2A6,TOL,Liver,538.223,0.2866715534453732,0.8137356073127735,-0.5270640538674003,0.9955757845725656
GPAT2,TOL,Testis,16.7789,1.3033837967286792,1.8319506670646333,-0.5285668703359541,0.8444053587915099
GYPE,TOL,Small_Intestine_Terminal_Ileum_Lymphode_Aggregate,6.91139,0.3238947670272752,0.8525963936189189,-0.5287016265916437,0.8820933389795037
ACOT1,TOL,Liver_Mixed_Cell,19.989,2.215564591813506,2.7569692022967844,-0.5414046104832786,0.6955212755074994
PDPR,TOL,Testis,32.7899,3.4420798975953426,3.9858614254369007,-0.5437815278415581,0.5376126877073953
UPK3BL2,TOL,Small_Intestine_Terminal_Ileum_Lymphode_Aggregate,10.6827,1.6124479553195732,2.161884229638825,-0.5494362743192518,0.6842664894516997
GOLGA6L10,TOL,Testis,11.1007,0.4069968920238691,0.957778388721395,-0.550781496697526,0.9237041687165352
LGALS7,TOL,Skin_Not_Sun_Exposed_Suprapubic,328.912,0.0453275700781301,0.6074199866115851,-0.562092416533455,0.9818223298987018
MUC20,TOL,Kidney_Medulla,40.4849,2.362521163379796,2.9330070126154144,-0.5704858492356184,0.8096289831001299
SCART1,TOL,Liver_Portal_Tract,7.89184,1.1095651993587556,1.6878323374316389,-0.5782671380728832,0.7258455852983078
FRG1,TOL,Cells_EBV-transformed_lymphocytes,53.4612,4.0953122077955735,4.673848641252027,-0.5785364334564536,0.5485657753074318
SMPD4,TOL,Pituitary,63.9249,4.125044173265855,4.71278756402416,-0.5877433907583054,0.5979314579563897
NBPF10,TOL,Small_Intestine_Terminal_Ileum_Lymphode_Aggregate,2.01712,0.2628417204755918,0.8531029891682654,-0.5902612686926736,0.6424315989458591
MMP23B,TOL,Ovary,6.25326,0.1739629845005399,0.7817355778231727,-0.6077725933226328,0.8866034962730602
RRN3,TOL,Cells_EBV-transformed_lymphocytes,42.3444,3.932539921868148,4.545892881022893,-0.6133529591547453,0.4679535555424904
SCAMP3,TOL,Cells_EBV-transformed_lymphocytes,77.3176,4.9037105220803205,5.522126214956626,-0.6184156928763054,0.4400525747724176
CYP21A2,TOL,Adrenal_Gland,1721.56,0.8277911392869757,1.4486856517172952,-0.6208945124303196,0.9984747418863072
LGALS9B,TOL,Colon_Transverse_Mucosa,18.0843,0.0136042442977668,0.6442592454166852,-0.6306550011189184,0.953022562821664
FCGR3B,TOL,Whole_Blood,1056.95,0.5407821226571294,1.1731099875923057,-0.6323278649351762,0.9975440709080552
CBWD1,TOL,Cells_EBV-transformed_lymphocytes,4.17701,1.2026183610992287,1.8428436689077332,-0.6402253078085047,0.4256270723109193
AGAP9,TOL,Testis,36.5062,3.2502964901745965,3.893175973438623,-0.6428794832640263,0.618133664802961
ZNF799,TOL,Liver_Portal_Tract,7.562,1.4334125156423565,2.0777206130960084,-0.6443080974536519,0.5919699795126457
EEF2KMT,TOL,Testis,25.4669,2.26705986507223,2.9132148056620046,-0.6461549405897746,0.7582098929350671
H2BC9,TOL,Cells_EBV-transformed_lymphocytes,11.5857,0.1345605036871054,0.7968414411393434,-0.662280937452238,0.9298490753977594
GOLGA8N,TOL,Thyroid,10.1714,1.0881282200810232,1.7535843453746,-0.6654561252935769,0.7737965187140179
ZBED1,TOL,Cells_EBV-transformed_lymphocytes,60.3115,4.221545412139293,4.8908589265153655,-0.6693135143760722,0.5489888626720406
ATAD3A,TOL,Cells_EBV-transformed_lymphocytes,39.036,3.4757227538064512,4.148209718681315,-0.6724869648748637,0.5952126089503298
INTS6L,TOL,Small_Intestine_Terminal_Ileum_Lymphode_Aggregate,76.4208,3.032907507396933,3.7066498345235233,-0.6737423271265901,0.8164890163528192
PGA3,TOL,Stomach,1790.06,0.0138198561601952,0.6901065232842899,-0.6762866671240947,0.9748838504662812
ZNF449,TOL,Nerve_Tibial,10.6612,1.8511459485953237,2.530585611719116,-0.6794396631237927,0.5544527540513766
SIGLEC14,TOL,Whole_Blood,38.7653,0.5429089164210711,1.232486333877563,-0.6895774174564918,0.9449830135436944
NTAN1,TOL,Adipose_Subcutaneous,91.7232,4.613247821837396,5.305678833438402,-0.6924310116010064,0.5614332017498983
CLCNKA,TOL,Kidney_Medulla,302.006,0.667407187010765,1.3651683320777843,-0.6977611450670196,0.9897644788810658
XCL2,TOL,Spleen,14.1628,0.0625832020990433,0.7688516579526425,-0.7062684558535992,0.9449893140280466
BTNL3,TOL,Colon_Transverse_Mucosa,86.8731,0.0391754229167001,0.7476156915166852,-0.708440268599985,0.9603117145806964
NDE1,TOL,Cells_EBV-transformed_lymphocytes,41.2756,2.012615567118948,2.7232143085352503,-0.7105987414163026,0.8480035236024666
FAM25A,TOL,Esophagus_Mucosa,172.249,0.0,0.7179846814411311,-0.7179846814411311,0.9733356981558198
CYP2B6,TOL,Liver,121.764,0.0,0.7238079396579449,-0.7238079396579449,0.9869484675396056
SLC25A6,TOL,Cells_EBV-transformed_lymphocytes,1470.59,8.47774062014911,9.203529646968278,-0.725789026819168,0.588139867306786
CBWD2,TOL,Cells_EBV-transformed_lymphocytes,23.4013,2.960004303074287,3.689475709723869,-0.7294714066495818,0.5127481564201912
ALG10,TOL,Cells_EBV-transformed_lymphocytes,9.41311,0.6719950558260543,1.408450965094982,-0.7364559092689276,0.8412431553661813
GRAP,TOL,Small_Intestine_Terminal_Ileum_Lymphode_Aggregate,39.5859,0.745648162908444,1.4831742083477937,-0.7375260454393494,0.9426338131928702
MSTO1,TOL,Testis,37.2443,2.5184390232884835,3.26094580442408,-0.7425067811355963,0.7741421596276719
HCAR3,TOL,Whole_Blood,91.9667,0.0724309413044469,0.8180840062211671,-0.7456530649167201,0.9878692218560812
HSD17B7,TOL,Liver_Hepatocyte,31.7135,2.398242906291668,3.1507844352398653,-0.7525415289481971,0.7465456487879236
BTN2A2,TOL,Cells_EBV-transformed_lymphocytes,26.0415,1.91186675918044,2.6650726960304665,-0.7532059368500268,0.7754071489221711
SERPINB3,TOL,Vagina,643.73,0.0074098911915325,0.7660517136906594,-0.7586418224991268,0.974961568827758
SEC22B,TOL,Cells_Cultured_fibroblasts,71.9333,3.018740037080157,3.799113385444586,-0.7803733483644293,0.8314816144666024
H2BC11,TOL,Testis,30.1971,0.609535808471971,1.3957722509268116,-0.7862364424548406,0.941933235458955
SMYD1,TOL,Muscle_Skeletal,196.915,0.2120734882307862,0.9983551724518108,-0.7862816842210247,0.97765813096112
AGAP5,TOL,Testis,12.9823,1.398749465447429,2.19041305508351,-0.7916635896360811,0.7438538959071828
LGALS9C,TOL,Colon_Transverse_Mucosa,27.1913,0.0236388525487264,0.8183928591428682,-0.7947540065941417,0.9542189888326332
ZNF468,TOL,Cells_EBV-transformed_lymphocytes,7.73163,1.4014066154510767,2.198573664756276,-0.7971670493051992,0.5461373430533589
EOLA2,TOL,Small_Intestine_Terminal_Ileum_Lymphode_Aggregate,50.5397,3.754452887986062,4.5625082221478905,-0.8080553341618284,0.576887957949062
DUSP22,TOL,Cells_EBV-transformed_lymphocytes,82.4661,3.836782714451049,4.651195726135928,-0.8144130116848785,0.7122274920493336
TIMM23B,TOL,Cells_EBV-transformed_lymphocytes,11.0465,1.9879608327803524,2.823805408338684,-0.8358445755583315,0.4733428498660006
DDT,TOL,Liver_Mixed_Cell,113.1,3.921868355259443,4.760993099854434,-0.839124744594991,0.7798715441360836
BTN2A1,TOL,Small_Intestine_Terminal_Ileum_Lymphode_Aggregate,77.119,3.910395532284524,4.75455084010607,-0.8441553078215458,0.644438360719129
HSPA6,TOL,Whole_Blood,315.0,1.4469700539842745,2.3020756973910865,-0.855105643406812,0.9848829660270076
ANXA8,TOL,Esophagus_Mucosa,53.2615,0.0414736010609876,0.8971076298105021,-0.8556340287495144,0.9381822354670516
NBPF26,TOL,Skin_Sun_Exposed_Lower_leg,7.95424,1.075227174338742,1.9404559281478435,-0.8652287538091015,0.6479799021297344
ATAD3B,TOL,Small_Intestine_Terminal_Ileum_Lymphode_Aggregate,39.9675,3.1674698154260903,4.042138470042379,-0.8746686546162885,0.6243287895295526
ZNF761,TOL,Prostate,31.6181,2.156635688944532,3.039172052621783,-0.882536363677251,0.7779015750802476
GOLGA6L9,TOL,Esophagus_Mucosa,18.6157,1.7004176207634385,2.592557676847785,-0.8921400560843469,0.7180220539251132
AGAP6,TOL,Pituitary,8.74414,1.4168741034857129,2.322208039489841,-0.9053339360041276,0.561198012048598
NBPF11,TOL,Small_Intestine_Terminal_Ileum_Lymphode_Aggregate,20.188,1.8741595003222464,2.807031895022537,-0.9328723947002906,0.7187814912952574
NBPF9,TOL,Thyroid,20.3345,1.8931057821289068,2.8387247989093205,-0.9456190167804136,0.69870618164923
ANXA8L1,TOL,Skin_Not_Sun_Exposed_Suprapubic,110.829,0.0261227136993788,0.9898297872354528,-0.963707073536074,0.9545500294725922
CD177,TOL,Whole_Blood,406.649,0.2675155663684315,1.2338172740384914,-0.96630170767006,0.991811467867903
ZNF75D,TOL,Small_Intestine_Terminal_Ileum_Lymphode_Aggregate,17.3721,2.0841901541449377,3.0732496025021785,-0.9890594483572408,0.5976509855784369
HMGN4,TOL,Cells_EBV-transformed_lymphocytes,141.703,4.824684979255192,5.83443705475315,-1.009752075497958,0.5887727863859885
NBPF19,TOL,Skin_Not_Sun_Exposed_Suprapubic,6.31344,0.9199516772291952,1.9325143197269845,-1.0125626424977894,0.5739211123353808
NBPF15,TOL,Small_Intestine_Terminal_Ileum_Lymphode_Aggregate,38.2338,2.494878896997313,3.525502996564755,-1.0306240995674425,0.7111054702477445
ABT1,TOL,Small_Intestine_Terminal_Ileum_Lymphode_Aggregate,46.7173,3.131657681313497,4.163465004664843,-1.0318073233513465,0.6568047165627
CDK11A,TOL,Small_Intestine_Terminal_Ileum_Lymphode_Aggregate,52.7001,3.3252371984685394,4.367994959256621,-1.0427577607880818,0.6392032562061183
UPK3B,TOL,Adipose_Visceral_Omentum,65.003,0.4236400501087294,1.466729627098911,-1.0430895769901816,0.9599775897828824
TCAF2,TOL,Pancreas_Islets,24.215,0.4910090059290934,1.538420140341357,-1.047411134412264,0.9246049223221082
LGALS7B,TOL,Skin_Not_Sun_Exposed_Suprapubic,2163.65,0.2349296287286473,1.284254685986684,-1.0493250572580368,0.9815102912884562
NCF1,TOL,Whole_Blood,227.596,0.6979348917095318,1.7503511321786258,-1.052416240469094,0.9700447776277052
PRIM2,TOL,Cells_Cultured_fibroblasts,23.3176,1.0823510695218683,2.1386038517100783,-1.05625278218821,0.8604071391336453
C4A,TOL,Liver_Mixed_Cell,94.3634,1.3841231828847145,2.441669053738171,-1.0575458708534564,0.933616801182624
TLR3,TOL,Lung,5.21349,0.5623821527037646,1.6480942407119377,-1.0857120880081732,0.6158861871053632
EIF2AK3,TOL,Cells_EBV-transformed_lymphocytes,19.535,1.6218086445789104,2.708290616454617,-1.0864819718757062,0.735832585218265
DCAF12,TOL,Testis,74.8748,3.1912321680972253,4.284245709083423,-1.0930135409861972,0.7615180912151939
HAUS1,TOL,Cells_EBV-transformed_lymphocytes,51.3929,2.71542983031379,3.810920286066073,-1.0954904557522824,0.7523635807408556
BTN3A3,TOL,Spleen,78.1192,2.806457062058787,3.911786523320495,-1.1053294612617082,0.8061455012569388
KRT17,TOL,Skin_Not_Sun_Exposed_Suprapubic,816.308,1.0743247538971537,2.1810664714793564,-1.1067417175822027,0.9680771296706197
ACOT2,TOL,Esophagus_Muscularis,47.1739,3.1463242973808265,4.262595626515486,-1.116271329134659,0.6117983688994735
CEL,TOL,Pancreas,13937.1,1.4941151034137488,2.613066954472026,-1.118951851058278,0.97830035239563
NPIPB15,TOL,Testis,57.7573,2.2752619829373617,3.4054927680238123,-1.1302307850864506,0.8262897310053796
VENTX,TOL,Liver_Portal_Tract,26.3396,0.632393042725156,1.7783897345492226,-1.1459966918240667,0.903563850741282
C4B,TOL,Liver_Mixed_Cell,104.869,1.150393422314742,2.322900887357103,-1.172507465042361,0.9376657874365788
PRSS16,TOL,Thyroid,20.5092,0.6266110222815199,1.808753857954421,-1.182142835672901,0.8303127733574827
TVP23B,TOL,Pancreas_Islets,29.6349,2.587594530684667,3.7725513383053233,-1.1849568076206562,0.5982682328515143
MST1,TOL,Liver_Hepatocyte,619.37,2.939117774650404,4.129213262739267,-1.1900954880888637,0.9549442553446822
UGT2B15,TOL,Liver_Portal_Tract,137.931,0.0,1.2146719047723264,-1.2146719047723264,0.970889210828646
HCAR2,TOL,Whole_Blood,92.6895,0.1542066442408166,1.3727341395150936,-1.218527495274277,0.964043517463578
ABCC6,TOL,Liver_Hepatocyte,46.473,0.375285857587888,1.5996098782076835,-1.2243240206197954,0.9303171033991492
DHRS4,TOL,Testis,23.1503,2.4303247843127567,3.683958646092315,-1.2536338617795582,0.5383374226606522
BTN3A1,TOL,Small_Intestine_Terminal_Ileum_Lymphode_Aggregate,144.229,3.0614572957923047,4.326698960909205,-1.2652416651169005,0.8593288161250202
FKBP9,TOL,Cells_Cultured_fibroblasts,154.239,3.9657408798989184,5.233560459676906,-1.2678195797779876,0.7473148456461203
PDXDC1,TOL,Testis,123.356,4.212482559070187,5.50652885850964,-1.2940462994394526,0.6640897029977064
ARHGEF35,TOL,Skin_Sun_Exposed_Lower_leg,9.81645,0.1279296932451982,1.4431320030186423,-1.315202309773444,0.8183214643589046
AQP7,TOL,Adipose_Subcutaneous,136.354,1.043561950147104,2.402827355284363,-1.359265405137259,0.9421364024699536
LILRA6,TOL,Whole_Blood,212.783,0.537925049042562,1.9126742188369728,-1.3747491697944108,0.9823861113568086
CLK2,TOL,Small_Intestine_Terminal_Ileum_Lymphode_Aggregate,129.478,4.158404871265914,5.558114572467729,-1.3997097012018154,0.6572998397929873
DDX11,TOL,Small_Intestine_Terminal_Ileum_Lymphode_Aggregate,38.4611,2.2582916714419303,3.687936044696762,-1.4296443732548316,0.7034032990961172
ORM2,TOL,Liver_Mixed_Cell,6432.11,0.0790252265837009,1.5435952057329114,-1.4645699791492104,0.9759835797470606
GSTA2,TOL,Pancreas_Mixed_Cell,131.269,0.0,1.4824895454398226,-1.4824895454398226,0.9332916218638656
THOC6,TOL,Small_Intestine_Terminal_Ileum_Lymphode_Aggregate,72.5966,3.6149517757845326,5.150939152525867,-1.535987376741334,0.5598726283838548
KRT14,TOL,Skin_Not_Sun_Exposed_Suprapubic,8740.74,0.8337303703685148,2.38030420118488,-1.5465738308163652,0.9819271063331536
LILRB2,TOL,Whole_Blood,180.919,0.6867333893937795,2.235556633681503,-1.5488232442877237,0.9686214931840944
CLPS,TOL,Pancreas_Acini,42089.6,0.5088241809277474,2.1210437310733607,-1.6122195501456134,0.970056828788173
AKAP17A,TOL,Small_Intestine_Terminal_Ileum_Lymphode_Aggregate,191.883,4.306091585843794,5.943574164613242,-1.6374825787694478,0.7081353446024827
BTN3A2,TOL,Spleen,101.277,2.487449670818609,4.133745975823603,-1.6462963050049937,0.8286467378737699
ASL,TOL,Liver,143.819,2.980998515765944,4.639091985457641,-1.6580934696916971,0.8272882841025406
P2RY8,TOL,Cells_EBV-transformed_lymphocytes,85.4485,0.1423146620539121,1.800655555803973,-1.6583408937500608,0.956771153507057
FABP1,TOL,Colon_Transverse_Mixed_Cell,1534.63,0.3072312208999491,2.0208023045155468,-1.7135710836155975,0.9460791553576868
CD99,TOL,Pancreas_Islets,617.733,5.62048483793474,7.342716362491363,-1.7222315245566238,0.7371457639127333
DTX2,TOL,Esophagus_Mucosa,47.771,1.8689484711941355,3.666894228475992,-1.7979457572818571,0.7617535524737576
FCGR2B,TOL,Small_Intestine_Terminal_Ileum_Lymphode_Aggregate,89.3538,0.4777600478493848,2.3531307603004663,-1.8753707124510812,0.9435305374846789
HLA-A,TOL,Whole_Blood,3175.16,7.445877312999444,9.386884949107069,-1.9410076361076245,0.7803150980004675
LRP5L,TOL,Thyroid,36.8988,1.4123716057387798,3.374128474262876,-1.961756868524096,0.7654801875205584
HLA-DRB5,TOL,Cells_EBV-transformed_lymphocytes,403.072,2.9816217956721265,5.159671441133204,-2.1780496454610776,0.8893447030166529
HLA-C,TOL,Whole_Blood,5508.55,7.111417727699404,9.52879266228784,-2.417374934588436,0.866501880590783
BICDL2,TOL,Esophagus_Mucosa,133.254,0.2295506416423315,2.739582325830053,-2.5100316841877217,0.8729254309299107
PRSS1,TOL,Pancreas_Mixed_Cell,83891.7,0.4408637493451914,3.019139440539137,-2.5782756911939457,0.970142016145674
GSTA1,TOL,Adrenal_Gland,649.963,0.099605236898567,2.685695280233932,-2.5860900433353646,0.9554031026128902
CYP4F12,TOL,Small_Intestine_Terminal_Ileum_Mixed_Cell,69.7228,0.3805271641229769,3.174130712508767,-2.79360354838579,0.8329801097634479
TNFRSF12A,TOL,Liver_Portal_Tract,435.636,1.625174544865735,4.809926987544576,-3.1847524426788407,0.9299176811724098
TPSB2,TOL,Lung,71.3589,0.278340265189167,3.527429578612256,-3.2490893134230885,0.7712617181724427
CES1,TOL,Liver_Mixed_Cell,593.265,0.5127467197629191,4.27876210491797,-3.766015385155051,0.9436282089841556
MYH11,TOL,Esophagus_Muscularis,8312.53,2.440901008958179,6.81687684573398,-4.375975836775801,0.9154182394493794
